{
    "accuracy": 0.8449782906764168,
    "precision": 0.6152861796184271,
    "recall": 0.7138615197732487,
    "roc_auc": 0.7970191688869503,
    "f1": 0.6609184629803186
}