{
    "accuracy": 0.8654878884826326,
    "precision": 0.7453653217011995,
    "recall": 0.5535159940612768,
    "roc_auc": 0.7513766426337399,
    "f1": 0.6352722484702966
}